1,Charlot,Mitchiner,cmitchiner0@live.com,Male,149.188.137.169
2,Thurston,Arlidge,tarlidge1@histats.com,Bigender,75.121.192.90
3,Alma,Winsom,awinsom2@mail.ru,Genderqueer,137.84.219.10
4,Hal,McCoughan,hmccoughan3@about.com,Genderfluid,200.204.76.203
5,Derrik,Nicholes,dnicholes4@bbc.co.uk,Genderfluid,50.2.80.12
6,Avrit,Schiell,aschiell5@plala.or.jp,Bigender,132.178.56.23
7,Cedric,Spalton,cspalton6@posterous.com,Bigender,65.240.77.107
8,Ladonna,Spencer,lspencer7@goodreads.com,Bigender,178.229.111.88
9,Constantine,Piens,cpiens8@youtu.be,Agender,1.131.86.14
10,Nikolai,Toppas,ntoppas9@uiuc.edu,Agender,120.46.161.230
11,Stoddard,Churching,schurchinga@pcworld.com,Male,185.47.54.31
12,Enrica,Peplow,epeplowb@github.com,Male,120.210.18.16
13,Lucia,Shipp,lshippc@furl.net,Polygender,24.136.149.30
14,Mortimer,Oakley,moakleyd@usatoday.com,Bigender,96.130.46.112
15,Kipp,Clubb,kclubbe@purevolume.com,Polygender,221.19.3.187
16,Allis,McVittie,amcvittief@google.co.uk,Male,253.108.238.133
17,Wallis,Sausman,wsausmang@nhs.uk,Non-binary,20.225.207.86
18,Filia,Doutch,fdoutchh@twitter.com,Female,166.10.144.194
19,Artie,Gabits,agabitsi@yahoo.co.jp,Genderfluid,88.224.123.1
20,Daphene,Squibbes,dsquibbesj@nifty.com,Agender,98.8.230.177
21,Isidor,De Laci,idelacik@ning.com,Bigender,119.79.244.96
22,Papageno,Risborough,prisboroughl@shareasale.com,Genderfluid,212.244.110.156
23,Lorelle,Benam,lbenamm@cocolog-nifty.com,Non-binary,86.122.69.142
24,Vidovic,Eykelhof,veykelhofn@scientificamerican.com,Bigender,209.191.216.90
25,Emmit,Newitt,enewitto@sitemeter.com,Male,234.178.194.187
26,Maudie,Rhubottom,mrhubottomp@latimes.com,Polygender,20.244.200.99
27,Cheslie,Ranner,crannerq@hostgator.com,Genderfluid,5.50.227.160
28,Emmalyn,Thurber,ethurberr@buzzfeed.com,Male,192.105.32.71
29,Mauricio,Barthram,mbarthrams@paypal.com,Agender,203.176.56.167
30,Shannen,Lindfors,slindforst@oakley.com,Polygender,118.227.208.80
31,Bartlett,Colomb,bcolombu@reddit.com,Female,143.223.200.196
32,Horacio,Klaes,hklaesv@wiley.com,Bigender,204.29.168.65
33,Viviyan,Stalf,vstalfw@sina.com.cn,Genderfluid,182.176.17.200
34,Amie,Heighway,aheighwayx@dell.com,Male,89.208.237.21
35,Allyn,Tonbye,atonbyey@tmall.com,Non-binary,5.204.17.202
36,Sonny,Giacoppo,sgiacoppoz@oracle.com,Bigender,22.221.225.113
37,Philomena,Baddam,pbaddam10@engadget.com,Genderfluid,50.109.55.33
38,Mirabelle,Steers,msteers11@mail.ru,Genderqueer,215.102.239.32
39,Woodie,Brannan,wbrannan12@dailymotion.com,Polygender,196.117.100.128
40,Beauregard,D'Abbot-Doyle,bdabbotdoyle13@sitemeter.com,Agender,156.77.92.19
41,Sheba,Tween,stween14@photobucket.com,Polygender,39.147.197.198
42,Loren,Scallan,lscallan15@com.com,Bigender,181.231.90.252
43,Lorens,Gogan,lgogan16@joomla.org,Bigender,225.28.142.60
44,Marlon,Vacher,mvacher17@nymag.com,Genderqueer,50.181.23.224
45,Lyn,Mather,lmather18@seesaa.net,Female,83.101.26.77
46,Roxanna,Tilzey,rtilzey19@123-reg.co.uk,Genderqueer,10.167.140.199
47,Isobel,Jeffries,ijeffries1a@dedecms.com,Bigender,81.193.148.249
48,Tedd,Bilovsky,tbilovsky1b@prlog.org,Bigender,224.134.113.40
49,Andros,Durrance,adurrance1c@alexa.com,Non-binary,208.109.220.127
50,Rebekkah,Vipan,rvipan1d@zdnet.com,Non-binary,10.24.140.58
51,Eada,Dinesen,edinesen1e@is.gd,Male,255.231.113.145
52,Neda,Rennison,nrennison1f@cafepress.com,Non-binary,145.26.67.156
53,Hedwiga,Gribbon,hgribbon1g@ft.com,Bigender,39.201.103.181
54,Adore,Gonnelly,agonnelly1h@eepurl.com,Polygender,36.59.37.176
55,Seana,Collier,scollier1i@merriam-webster.com,Agender,96.132.94.50
56,Vick,Paley,vpaley1j@bloglovin.com,Male,145.180.63.15
57,Lizette,Burel,lburel1k@ask.com,Polygender,14.56.239.170
58,Rica,Volet,rvolet1l@themeforest.net,Polygender,192.38.153.205
59,Karola,Cordeau,kcordeau1m@w3.org,Polygender,182.156.88.221
60,Nanny,Court,ncourt1n@marriott.com,Genderqueer,234.37.134.178
61,Nisse,Licciardello,nlicciardello1o@diigo.com,Genderqueer,25.216.83.51
62,Alayne,Cabotto,acabotto1p@homestead.com,Non-binary,37.21.171.15
63,Sherline,Jiran,sjiran1q@upenn.edu,Female,53.208.173.18
64,Gratia,Peile,gpeile1r@prweb.com,Female,189.198.139.173
65,Gui,Strooband,gstrooband1s@alexa.com,Agender,69.114.99.207
66,Humfried,Franciottoi,hfranciottoi1t@princeton.edu,Genderfluid,145.147.0.72
67,Wallie,Cancott,wcancott1u@youtube.com,Male,175.182.174.82
68,Delilah,Houlston,dhoulston1v@ox.ac.uk,Non-binary,72.124.45.224
69,Ernst,Layborn,elayborn1w@arizona.edu,Male,64.143.226.220
70,Lesley,Curd,lcurd1x@cbsnews.com,Non-binary,179.84.164.233
71,Dominique,Derdes,dderdes1y@irs.gov,Non-binary,143.209.173.131
72,Kaitlyn,Biggadyke,kbiggadyke1z@google.fr,Agender,70.239.251.2
73,Tamqrah,Phippard,tphippard20@cbslocal.com,Bigender,174.168.141.168
74,Annabela,Caghy,acaghy21@businessweek.com,Agender,60.173.105.155
75,Reginauld,Mosby,rmosby22@pagesperso-orange.fr,Genderfluid,6.246.190.147
76,Randy,Simmig,rsimmig23@vkontakte.ru,Bigender,200.21.254.19
77,Karina,MacCrossan,kmaccrossan24@twitter.com,Genderqueer,149.17.237.112
78,Carolin,Eichmann,ceichmann25@blogger.com,Bigender,245.181.169.149
79,Emylee,Salzen,esalzen26@list-manage.com,Genderfluid,50.151.107.237
80,Jeffie,Vasenkov,jvasenkov27@narod.ru,Polygender,167.218.17.108
81,Buckie,Feldberg,bfeldberg28@zdnet.com,Bigender,82.68.122.207
82,Wendell,Emloch,wemloch29@aol.com,Bigender,52.88.212.159
83,Iago,Croce,icroce2a@marketwatch.com,Polygender,56.98.174.129
84,Glad,Rosenqvist,grosenqvist2b@mozilla.com,Genderqueer,223.121.115.95
85,Hagen,Cockshtt,hcockshtt2c@elegantthemes.com,Genderqueer,242.157.152.137
86,Clo,Taffrey,ctaffrey2d@storify.com,Male,82.49.98.16
87,Daryl,Bamell,dbamell2e@ovh.net,Non-binary,140.130.229.221
88,Athena,Twizell,atwizell2f@chicagotribune.com,Female,219.37.66.64
89,Travus,Hallums,thallums2g@msu.edu,Male,83.73.75.212
90,Shelton,Franzen,sfranzen2h@meetup.com,Polygender,99.190.120.237
91,Matty,Hawler,mhawler2i@fc2.com,Non-binary,162.32.214.2
92,Janith,Duigenan,jduigenan2j@ucoz.ru,Female,238.72.172.18
93,Rodi,Burel,rburel2k@free.fr,Polygender,69.120.13.133
94,Cherise,Plowes,cplowes2l@yellowpages.com,Genderfluid,42.89.183.17
95,Ambrose,Menicomb,amenicomb2m@statcounter.com,Genderqueer,127.118.8.247
96,Gaby,Bricksey,gbricksey2n@gnu.org,Female,50.178.174.115
97,Goraud,Victory,gvictory2o@canalblog.com,Genderfluid,80.128.106.192
98,Curtice,Adnett,cadnett2p@quantcast.com,Agender,42.243.133.227
99,Katti,Chatenier,kchatenier2q@indiatimes.com,Agender,110.227.168.159
100,Andreas,Bowmer,abowmer2r@uiuc.edu,Bigender,157.251.234.153
101,Cyndi,Gramer,cgramer2s@vimeo.com,Genderqueer,216.99.142.100
102,Liuka,Goldsbrough,lgoldsbrough2t@alexa.com,Genderqueer,108.173.190.165
103,Darci,Blackburn,dblackburn2u@flavors.me,Female,248.79.241.12
104,Gae,Grumbridge,ggrumbridge2v@infoseek.co.jp,Polygender,44.178.227.79
105,Blondell,Etherington,betherington2w@wordpress.com,Genderqueer,197.141.233.164
106,Garwood,Cowling,gcowling2x@networkadvertising.org,Non-binary,192.82.165.35
107,Jo,D'Agostino,jdagostino2y@shutterfly.com,Genderqueer,158.37.152.110
108,Ethe,Southwick,esouthwick2z@nymag.com,Agender,50.7.197.177
109,Juliann,Ingliss,jingliss30@tuttocitta.it,Genderfluid,38.114.176.102
110,Krystalle,Westwater,kwestwater31@bandcamp.com,Agender,219.146.212.114
111,Nona,Issett,nissett32@unicef.org,Genderfluid,234.82.58.169
112,Gordie,Grisdale,ggrisdale33@elpais.com,Female,55.215.26.193
113,Mickey,Giannazzi,mgiannazzi34@mac.com,Non-binary,234.66.185.210
114,Donielle,Rubertis,drubertis35@bizjournals.com,Polygender,191.180.213.37
115,Averil,Threadkell,athreadkell36@webnode.com,Genderfluid,224.134.40.205
116,Auberon,Sothcott,asothcott37@youtube.com,Agender,163.53.253.157
117,Camala,Fleetwood,cfleetwood38@msu.edu,Genderfluid,207.230.137.78
118,Halli,Brixey,hbrixey39@zimbio.com,Genderfluid,163.56.89.156
119,Rae,Androlli,randrolli3a@mysql.com,Non-binary,157.10.170.84
120,Dannie,Lydford,dlydford3b@google.com,Genderfluid,141.105.235.208
121,Michael,Gasperi,mgasperi3c@si.edu,Bigender,211.86.67.16
122,Alys,Shapland,ashapland3d@about.com,Polygender,9.98.178.210
123,Corrie,Minger,cminger3e@buzzfeed.com,Polygender,152.60.233.125
124,Peadar,Portchmouth,pportchmouth3f@guardian.co.uk,Polygender,2.79.105.231
125,Lionello,Despenser,ldespenser3g@amazonaws.com,Bigender,183.226.93.194
126,Biddy,Guisby,bguisby3h@fotki.com,Male,126.216.68.221
127,Gertrud,Wetton,gwetton3i@gravatar.com,Genderfluid,45.249.23.250
128,Cooper,Soughton,csoughton3j@booking.com,Genderqueer,0.105.84.179
129,Darill,Di Giorgio,ddigiorgio3k@google.es,Male,230.68.11.207
130,Cal,Alred,calred3l@patch.com,Male,76.81.44.187
131,Katey,Peet,kpeet3m@furl.net,Male,180.150.197.32
132,Bogart,Fishwick,bfishwick3n@biglobe.ne.jp,Agender,196.157.12.186
133,Paige,Hatter,phatter3o@g.co,Agender,69.176.207.140
134,Klaus,Signore,ksignore3p@ezinearticles.com,Agender,156.107.214.46
135,Sigismundo,Bullingham,sbullingham3q@eventbrite.com,Female,202.30.57.218
136,Athena,Eddington,aeddington3r@dell.com,Male,37.189.90.149
137,Ephraim,Walczynski,ewalczynski3s@mapquest.com,Bigender,53.107.250.122
138,Danny,Massenhove,dmassenhove3t@cisco.com,Polygender,129.154.40.165
139,Nat,Leser,nleser3u@independent.co.uk,Polygender,249.126.175.78
140,Oby,Cudbird,ocudbird3v@over-blog.com,Male,86.109.53.145
141,Jessika,Meletti,jmeletti3w@canalblog.com,Bigender,24.144.121.71
142,Bertina,Maccrea,bmaccrea3x@netvibes.com,Genderqueer,148.138.8.61
143,Kariotta,Fonzone,kfonzone3y@buzzfeed.com,Non-binary,224.232.103.157
144,Horatius,Jowsey,hjowsey3z@qq.com,Bigender,244.157.107.137
145,Zackariah,Warn,zwarn40@wikipedia.org,Polygender,151.255.203.152
146,Joana,Tytterton,jtytterton41@amazonaws.com,Bigender,176.13.165.152
147,Aubert,Flaverty,aflaverty42@stumbleupon.com,Female,55.178.116.32
148,Francoise,Bineham,fbineham43@boston.com,Genderfluid,30.37.255.107
149,Katinka,Hansford,khansford44@buzzfeed.com,Genderqueer,18.17.1.200
150,Duky,Swansborough,dswansborough45@huffingtonpost.com,Female,64.26.210.239
151,Izzy,Biasio,ibiasio46@pbs.org,Male,25.116.140.211
152,Sebastien,Worsam,sworsam47@issuu.com,Male,70.208.61.52
153,Chancey,Boothroyd,cboothroyd48@scientificamerican.com,Male,121.69.209.131
154,Augusta,Richardsson,arichardsson49@barnesandnoble.com,Polygender,92.113.165.233
155,Kingston,Doll,kdoll4a@psu.edu,Genderqueer,94.62.114.141
156,Benetta,Cooch,bcooch4b@ox.ac.uk,Genderqueer,152.35.221.13
157,Jamima,Kupisz,jkupisz4c@loc.gov,Male,108.173.126.163
158,Brok,De la Perrelle,bdelaperrelle4d@hp.com,Non-binary,40.0.83.235
159,Marne,Greenman,mgreenman4e@php.net,Genderfluid,136.206.33.52
160,Packston,Olenichev,polenichev4f@baidu.com,Genderqueer,164.72.154.88
161,Gamaliel,Rosensaft,grosensaft4g@ftc.gov,Non-binary,233.153.113.213
162,Brenn,Badsworth,bbadsworth4h@nature.com,Agender,181.186.186.71
163,Basil,Epdell,bepdell4i@yolasite.com,Non-binary,153.197.69.104
164,Thorin,Goretti,tgoretti4j@cdbaby.com,Male,17.247.26.127
165,Terry,Huot,thuot4k@i2i.jp,Male,103.46.97.18
166,Francisca,Jeannard,fjeannard4l@cnet.com,Bigender,61.38.57.78
167,Tristan,Deare,tdeare4m@google.de,Male,221.150.10.202
168,Ernaline,Paliser,epaliser4n@ft.com,Agender,170.161.31.10
169,Evonne,Kobsch,ekobsch4o@etsy.com,Male,71.34.92.34
170,Mary,Routhorn,mrouthorn4p@ibm.com,Agender,157.205.210.103
171,Carlynne,Stokoe,cstokoe4q@discuz.net,Male,121.25.113.61
172,Patten,Handaside,phandaside4r@dropbox.com,Genderqueer,232.16.154.72
173,Perry,Kopps,pkopps4s@moonfruit.com,Agender,231.111.9.94
174,Annette,Lugg,alugg4t@addthis.com,Genderqueer,11.202.194.5
175,Chad,Beddoes,cbeddoes4u@springer.com,Bigender,77.17.81.71
176,Park,Littleton,plittleton4v@arstechnica.com,Genderqueer,77.33.8.31
177,Kristen,Paulisch,kpaulisch4w@people.com.cn,Non-binary,94.251.222.39
178,Pearle,Houchin,phouchin4x@tripadvisor.com,Male,43.17.96.92
179,Marysa,Serck,mserck4y@flavors.me,Agender,79.108.42.146
180,Ivette,Klugel,iklugel4z@networkadvertising.org,Male,92.244.40.111
181,Siusan,Rushmer,srushmer50@clickbank.net,Genderqueer,53.233.217.209
182,Baillie,Ruoss,bruoss51@guardian.co.uk,Female,52.252.223.78
183,Oby,Hendrik,ohendrik52@sitemeter.com,Non-binary,192.225.65.59
184,Joyous,Catto,jcatto53@angelfire.com,Genderfluid,98.243.136.219
185,Suki,Benois,sbenois54@1und1.de,Genderfluid,231.149.71.161
186,Amaleta,Ducroe,aducroe55@delicious.com,Genderqueer,209.131.80.237
187,Wendye,Keepe,wkeepe56@google.com.br,Bigender,23.207.66.239
188,Geraldine,Trevillion,gtrevillion57@pcworld.com,Polygender,52.65.48.136
189,Jonis,Cropper,jcropper58@deviantart.com,Genderfluid,223.39.171.153
190,Mathias,Villiers,mvilliers59@domainmarket.com,Male,127.89.55.87
191,Candy,Roy,croy5a@sohu.com,Male,86.202.195.31
192,Lucais,Calderwood,lcalderwood5b@tripadvisor.com,Bigender,27.5.89.89
193,Dahlia,Danneil,ddanneil5c@netscape.com,Female,194.192.183.194
194,Jessica,Widdowfield,jwiddowfield5d@qq.com,Polygender,38.73.149.189
195,Sarene,Bellworthy,sbellworthy5e@fc2.com,Bigender,71.54.19.214
196,Tory,Zavattieri,tzavattieri5f@microsoft.com,Agender,192.229.220.109
197,Guglielma,Snoddon,gsnoddon5g@google.it,Bigender,55.13.32.162
198,Coletta,Drayton,cdrayton5h@bing.com,Male,99.111.192.68
199,Harlene,Madoc-Jones,hmadocjones5i@slate.com,Bigender,245.56.239.37
200,Lenette,Parminter,lparminter5j@nature.com,Genderqueer,151.180.228.66
201,Hanson,Connell,hconnell5k@bandcamp.com,Agender,228.91.116.77
202,Maryanne,Tierny,mtierny5l@csmonitor.com,Bigender,125.151.234.164
203,Corrianne,Roller,croller5m@google.it,Female,228.207.63.233
204,Darci,Nuscha,dnuscha5n@google.fr,Agender,202.182.89.18
205,Waly,Craisford,wcraisford5o@cloudflare.com,Genderqueer,73.184.193.216
206,Dorrie,Carty,dcarty5p@twitter.com,Agender,169.10.213.39
207,Rheta,Escale,rescale5q@delicious.com,Polygender,99.157.101.243
208,Sarene,Beste,sbeste5r@census.gov,Bigender,184.148.247.220
209,Tina,Crystal,tcrystal5s@paypal.com,Non-binary,58.138.100.79
210,Lani,Colliard,lcolliard5t@netvibes.com,Bigender,213.70.172.112
211,Stavros,Gazey,sgazey5u@cnbc.com,Agender,158.40.219.28
212,Renaud,McNerlin,rmcnerlin5v@sbwire.com,Agender,153.207.191.144
213,Padriac,Khilkov,pkhilkov5w@so-net.ne.jp,Male,219.76.209.185
214,Noah,Coppin,ncoppin5x@ocn.ne.jp,Bigender,114.210.43.51
215,Bing,Braden,bbraden5y@goo.gl,Female,80.97.184.166
216,Coralie,McQuilty,cmcquilty5z@ovh.net,Agender,69.248.231.54
217,De,Odhams,dodhams60@loc.gov,Genderfluid,89.29.21.110
218,Risa,Collister,rcollister61@forbes.com,Agender,239.162.138.123
219,Obidiah,Stallworth,ostallworth62@washington.edu,Non-binary,37.181.39.35
220,Rennie,Clulow,rclulow63@washington.edu,Polygender,218.51.60.14
221,Rosemarie,Stubbin,rstubbin64@live.com,Non-binary,144.129.157.103
222,Dasha,Mowett,dmowett65@miibeian.gov.cn,Female,166.178.71.154
223,Sadie,Alesi,salesi66@plala.or.jp,Bigender,248.15.166.153
224,Myer,Norster,mnorster67@washington.edu,Female,229.3.167.125
225,Marylou,Kirtlan,mkirtlan68@bluehost.com,Agender,42.83.238.114
226,Evvie,Housin,ehousin69@chicagotribune.com,Male,64.214.96.114
227,Sadie,McVee,smcvee6a@google.fr,Genderqueer,160.150.247.43
228,Sharlene,Brinkley,sbrinkley6b@businessinsider.com,Bigender,74.166.118.197
229,Carri,Lumsdaine,clumsdaine6c@kickstarter.com,Bigender,238.153.34.145
230,Elianora,Waldrum,ewaldrum6d@smugmug.com,Agender,5.108.226.121
231,Isidore,Thurby,ithurby6e@marriott.com,Polygender,162.223.70.212
232,Calhoun,Noell,cnoell6f@ucla.edu,Non-binary,193.191.162.135
233,Auberta,Rumming,arumming6g@wordpress.com,Agender,118.233.58.119
234,Keelia,Petry,kpetry6h@merriam-webster.com,Non-binary,189.45.82.249
235,Barris,Meco,bmeco6i@illinois.edu,Polygender,150.169.128.242
236,Maurizio,Zylberdik,mzylberdik6j@twitpic.com,Bigender,67.64.120.66
237,Conant,Jones,cjones6k@prlog.org,Non-binary,166.116.168.45
238,Burtie,Colleer,bcolleer6l@gnu.org,Non-binary,165.123.179.68
239,Jolie,Helstrip,jhelstrip6m@sitemeter.com,Agender,37.116.193.227
240,Bettine,Debold,bdebold6n@twitter.com,Polygender,154.212.93.10
241,Karylin,Schultz,kschultz6o@mapquest.com,Agender,106.106.133.7
242,Patience,Maccraw,pmaccraw6p@webnode.com,Bigender,218.239.87.13
243,Barnett,Fisher,bfisher6q@mac.com,Non-binary,159.14.83.224
244,Amity,Pennick,apennick6r@altervista.org,Male,80.222.170.83
245,Rogerio,Zellick,rzellick6s@bandcamp.com,Bigender,204.199.241.35
246,Ermengarde,Berecloth,eberecloth6t@dell.com,Male,69.128.113.12
247,Staffard,Kort,skort6u@europa.eu,Male,1.125.104.144
248,Jessie,Abberley,jabberley6v@stanford.edu,Non-binary,34.162.130.75
249,Shaine,Blazejewski,sblazejewski6w@scribd.com,Non-binary,121.198.84.52
250,Joby,Kuller,jkuller6x@epa.gov,Polygender,169.253.88.112
251,Leonore,Wloch,lwloch6y@phpbb.com,Agender,133.99.67.120
252,Averell,Santen,asanten6z@php.net,Male,226.6.138.33
253,Chelsie,Sedman,csedman70@github.io,Genderqueer,50.18.31.90
254,Lizabeth,Barnson,lbarnson71@businessweek.com,Genderfluid,64.183.122.136
255,Waylan,Halford,whalford72@nydailynews.com,Agender,236.209.136.58
256,Esdras,Hartus,ehartus73@mapquest.com,Female,84.171.76.113
257,Nanice,Posselow,nposselow74@auda.org.au,Non-binary,117.228.252.43
258,Emmaline,Faulkener,efaulkener75@cmu.edu,Genderfluid,57.33.167.46
259,Stacee,Falshaw,sfalshaw76@cnet.com,Genderfluid,233.145.115.184
260,Nancee,Gregorio,ngregorio77@unc.edu,Female,207.102.163.184
261,Wainwright,Vile,wvile78@shinystat.com,Genderfluid,208.186.146.64
262,Lyle,Waghorn,lwaghorn79@gravatar.com,Genderfluid,172.180.19.183
263,Amargo,Carrel,acarrel7a@cam.ac.uk,Genderfluid,196.73.74.214
264,Elmore,Sadat,esadat7b@goodreads.com,Bigender,24.229.140.219
265,Lutero,Logg,llogg7c@usatoday.com,Male,12.4.22.246
266,Adams,Sanchiz,asanchiz7d@histats.com,Genderqueer,78.144.74.52
267,Carree,Bickerdyke,cbickerdyke7e@smugmug.com,Non-binary,220.32.109.190
268,Porty,Pedrocco,ppedrocco7f@springer.com,Non-binary,142.12.9.190
269,Lindsay,Olivi,lolivi7g@comcast.net,Agender,97.0.10.8
270,Belva,Keenlyside,bkeenlyside7h@ted.com,Male,24.178.89.153
271,Batsheva,O'Sirin,bosirin7i@yelp.com,Bigender,249.206.156.179
272,Maddalena,Kill,mkill7j@about.com,Genderfluid,214.174.183.78
273,Giles,Everist,geverist7k@simplemachines.org,Genderqueer,239.90.50.3
274,Gary,Canham,gcanham7l@fotki.com,Non-binary,85.62.184.233
275,Sheffield,Tull,stull7m@jugem.jp,Bigender,122.193.137.12
276,Cris,Pendleberry,cpendleberry7n@vimeo.com,Genderqueer,45.95.232.163
277,Kai,McAreavey,kmcareavey7o@youtube.com,Agender,5.203.200.184
278,Anastasie,Reeders,areeders7p@netvibes.com,Genderfluid,64.126.100.129
279,Bev,Bearsmore,bbearsmore7q@nyu.edu,Genderqueer,12.233.128.149
280,Janeta,Hughill,jhughill7r@google.com.hk,Polygender,67.192.1.189
281,Frankie,Fullerd,ffullerd7s@squarespace.com,Bigender,5.201.70.116
282,Sid,McCuish,smccuish7t@spotify.com,Bigender,236.243.82.37
283,Gabriel,Massey,gmassey7u@reverbnation.com,Female,85.90.247.68
284,Bridgette,Diamond,bdiamond7v@indiatimes.com,Male,234.124.95.24
285,Mathilde,di Rocca,mdirocca7w@jalbum.net,Female,145.66.119.168
286,Ilaire,Burras,iburras7x@deliciousdays.com,Genderqueer,67.144.44.118
287,Alwyn,Grishin,agrishin7y@nbcnews.com,Male,46.9.147.130
288,Roxanne,Byer,rbyer7z@free.fr,Agender,219.169.88.203
289,Kev,Ryrie,kryrie80@cafepress.com,Genderqueer,253.147.172.147
290,Hedvige,Weale,hweale81@so-net.ne.jp,Genderfluid,98.77.148.38
291,Yank,Schimke,yschimke82@washington.edu,Non-binary,168.234.54.188
292,Deeann,Tommasuzzi,dtommasuzzi83@uol.com.br,Male,183.200.250.244
293,Leroy,Dils,ldils84@princeton.edu,Female,194.91.206.135
294,Carey,Kubat,ckubat85@gov.uk,Male,231.55.15.190
295,Sid,Witheridge,switheridge86@paginegialle.it,Non-binary,212.91.142.136
296,Wat,Regnard,wregnard87@opensource.org,Genderqueer,241.167.237.240
297,Aurthur,Godridge,agodridge88@acquirethisname.com,Genderfluid,45.159.222.28
298,Gaylord,Powe,gpowe89@flickr.com,Non-binary,170.150.99.233
299,Marlee,Vautrey,mvautrey8a@smh.com.au,Male,98.26.9.243
300,Demetria,Wiggall,dwiggall8b@amazon.com,Agender,118.254.252.163
301,Caryn,Thome,cthome8c@nba.com,Male,203.213.108.252
302,Elnore,Baugham,ebaugham8d@furl.net,Non-binary,149.92.8.221
303,Belva,Wife,bwife8e@blogger.com,Male,227.172.33.208
304,Jordan,Patis,jpatis8f@vimeo.com,Female,48.212.37.33
305,Roberto,Tonkin,rtonkin8g@cloudflare.com,Genderqueer,30.101.8.254
306,Nesta,Randell,nrandell8h@oracle.com,Bigender,167.114.254.192
307,Kristan,Manoch,kmanoch8i@arstechnica.com,Bigender,137.48.228.114
308,Fernande,Puttan,fputtan8j@goo.gl,Agender,18.19.214.50
309,Sabine,Sivier,ssivier8k@walmart.com,Polygender,21.46.150.214
310,Estella,Baukham,ebaukham8l@alibaba.com,Male,135.70.14.128
311,Magdalena,Huckett,mhuckett8m@seesaa.net,Agender,254.140.226.183
312,Brittany,Curragh,bcurragh8n@facebook.com,Male,180.80.149.138
313,Mada,Tidmas,mtidmas8o@businessinsider.com,Male,97.147.143.138
314,Korry,Liston,kliston8p@ucoz.ru,Male,83.245.134.98
315,Kristoforo,Blackboro,kblackboro8q@free.fr,Agender,238.196.51.105
316,Beck,Bottomley,bbottomley8r@cbsnews.com,Genderfluid,201.95.60.80
317,Donalt,Speight,dspeight8s@seesaa.net,Genderqueer,145.76.141.101
318,Preston,Barribal,pbarribal8t@yahoo.com,Female,146.12.111.52
319,Vic,Hessel,vhessel8u@reuters.com,Agender,248.236.142.12
320,Karol,Stuck,kstuck8v@sitemeter.com,Bigender,238.190.33.186
321,Karl,Power,kpower8w@auda.org.au,Bigender,240.239.235.75
322,Corrine,Alner,calner8x@dot.gov,Polygender,60.142.3.230
323,Alexander,Harrower,aharrower8y@simplemachines.org,Female,183.217.151.55
324,Myrah,Heisler,mheisler8z@shop-pro.jp,Polygender,31.189.94.4
325,Pepillo,Keizman,pkeizman90@blogger.com,Agender,0.169.46.244
326,Lefty,Paulson,lpaulson91@qq.com,Agender,152.31.54.202
327,Dulcia,Speed,dspeed92@bizjournals.com,Non-binary,150.243.90.2
328,Shalna,Walters,swalters93@bizjournals.com,Agender,144.135.242.98
329,Debby,Seebert,dseebert94@macromedia.com,Genderqueer,64.63.234.200
330,Penny,Anglim,panglim95@flavors.me,Polygender,29.80.73.237
331,Kessia,Kerkham,kkerkham96@woothemes.com,Bigender,129.23.156.232
332,Thaddus,Hammond,thammond97@google.com.br,Agender,67.97.164.98
333,Thomasa,Ravenscroft,travenscroft98@goo.ne.jp,Genderfluid,170.67.210.29
334,Jillene,Barrim,jbarrim99@jigsy.com,Bigender,119.25.196.235
335,Tonye,Palumbo,tpalumbo9a@over-blog.com,Male,77.119.184.176
336,Margaretha,Wormald,mwormald9b@google.co.jp,Male,65.147.239.206
337,Mufi,Million,mmillion9c@techcrunch.com,Genderqueer,162.142.229.139
338,Sherwood,Reignard,sreignard9d@topsy.com,Agender,152.28.139.201
339,Armando,Pylkynyton,apylkynyton9e@sphinn.com,Non-binary,107.106.250.73
340,Barn,Kermitt,bkermitt9f@prnewswire.com,Polygender,172.215.201.8
341,Henderson,Atthow,hatthow9g@jugem.jp,Genderfluid,68.30.190.37
342,Wiatt,McLese,wmclese9h@archive.org,Genderqueer,168.43.236.234
343,Irene,Roulston,iroulston9i@dyndns.org,Polygender,80.4.148.93
344,Darleen,Pantin,dpantin9j@springer.com,Genderqueer,145.136.123.106
345,Cookie,Sans,csans9k@php.net,Polygender,186.144.106.234
346,Johnathan,Nagle,jnagle9l@nba.com,Genderqueer,207.72.174.46
347,Kelcy,Dovidian,kdovidian9m@geocities.com,Agender,61.196.24.125
348,Thoma,Fitzsimmons,tfitzsimmons9n@seesaa.net,Female,50.147.116.185
349,Ursola,Pic,upic9o@drupal.org,Female,88.196.179.12
350,Clementine,Piers,cpiers9p@cpanel.net,Female,134.16.194.46
351,Angele,Gilluley,agilluley9q@tamu.edu,Male,55.108.10.21
352,Jeramey,Buske,jbuske9r@elegantthemes.com,Genderqueer,44.164.42.173
353,Shell,Calbaithe,scalbaithe9s@usatoday.com,Genderqueer,7.3.15.85
354,Benn,Hempshall,bhempshall9t@si.edu,Agender,125.153.113.169
355,Winnie,Attlee,wattlee9u@disqus.com,Agender,182.175.167.14
356,Hedvige,Kenforth,hkenforth9v@bing.com,Genderfluid,104.212.96.86
357,Brandea,Gabel,bgabel9w@photobucket.com,Male,69.165.148.200
358,Rora,Haily,rhaily9x@de.vu,Polygender,184.123.1.222
359,Jeremiah,Brewood,jbrewood9y@yellowbook.com,Polygender,15.82.83.206
360,Nealson,Skeath,nskeath9z@liveinternet.ru,Genderqueer,137.68.125.27
361,Hesther,Brayson,hbraysona0@unesco.org,Male,172.141.97.106
362,Tad,Snawden,tsnawdena1@yandex.ru,Agender,141.243.150.216
363,Patti,Robinette,probinettea2@sfgate.com,Genderfluid,146.239.12.69
364,Allene,Torbett,atorbetta3@stumbleupon.com,Genderfluid,229.152.49.48
365,Rosalinda,Pybworth,rpybwortha4@zdnet.com,Genderqueer,65.225.178.219
366,Leodora,Danjoie,ldanjoiea5@archive.org,Female,14.28.240.30
367,Marcie,Robbeke,mrobbekea6@canalblog.com,Agender,120.218.101.231
368,Janeva,Dibbs,jdibbsa7@google.pl,Genderqueer,124.132.25.192
369,Flory,Buxsy,fbuxsya8@acquirethisname.com,Non-binary,158.234.21.99
370,Freeland,Tarbert,ftarberta9@about.com,Male,190.162.15.30
371,Bruno,McCullen,bmccullenaa@seesaa.net,Genderqueer,52.132.220.146
372,Ninette,Basden,nbasdenab@harvard.edu,Male,63.111.104.210
373,Florette,Terne,fterneac@amazon.co.jp,Non-binary,193.28.221.236
374,Ciro,Pellitt,cpellittad@flickr.com,Genderqueer,66.251.132.25
375,Trudey,Chadband,tchadbandae@bbc.co.uk,Female,134.30.27.206
376,Ezekiel,Mellmer,emellmeraf@tripadvisor.com,Bigender,0.229.41.135
377,Emmi,Guilford,eguilfordag@privacy.gov.au,Bigender,137.232.90.28
378,Nertie,Holleran,nholleranah@privacy.gov.au,Polygender,80.99.178.228
379,Sophronia,Braybrook,sbraybrookai@cbc.ca,Non-binary,61.104.106.70
380,Vittorio,Robelet,vrobeletaj@eepurl.com,Genderqueer,125.215.162.113
381,Liz,Kemmer,lkemmerak@lulu.com,Male,91.11.229.167
382,Carlye,Teligin,cteliginal@ameblo.jp,Agender,50.238.9.141
383,Phillipe,Pusey,ppuseyam@yellowpages.com,Non-binary,167.188.182.53
384,Marco,Howton,mhowtonan@dmoz.org,Genderqueer,200.53.95.155
385,Noach,Coll,ncollao@studiopress.com,Non-binary,20.63.177.138
386,Bernardo,Dightham,bdighthamap@amazonaws.com,Polygender,10.133.253.32
387,Darrelle,Jaquest,djaquestaq@gov.uk,Agender,193.47.59.213
388,Katharine,Blankley,kblankleyar@cisco.com,Non-binary,3.250.14.144
389,Doris,Burtwell,dburtwellas@guardian.co.uk,Male,250.199.112.72
390,Chanda,Krabbe,ckrabbeat@prnewswire.com,Genderqueer,69.137.183.109
391,Elihu,Trunkfield,etrunkfieldau@php.net,Bigender,74.221.238.195
392,Nicolai,Daulby,ndaulbyav@latimes.com,Polygender,152.191.110.232
393,Bradan,Emmanueli,bemmanueliaw@dion.ne.jp,Bigender,239.175.115.50
394,Isa,Renad,irenadax@addthis.com,Polygender,61.145.80.205
395,Worden,Barbosa,wbarbosaay@google.ru,Agender,249.40.191.212
396,Nicki,Rousby,nrousbyaz@bloomberg.com,Agender,72.15.210.61
397,Liane,Gumm,lgummb0@harvard.edu,Non-binary,212.233.10.240
398,Nanine,Keneforde,nkenefordeb1@japanpost.jp,Polygender,194.159.152.66
399,Elenore,Bentham3,ebenthamb2@bizjournals.com,Male,42.21.189.175
400,Blaine,Hugnot,bhugnotb3@ask.com,Male,77.68.52.95
401,Gib,Goldthorpe,ggoldthorpeb4@posterous.com,Bigender,253.83.41.160
402,Thor,Burchess,tburchessb5@hud.gov,Male,221.243.85.94
403,Fulton,Maciak,fmaciakb6@studiopress.com,Male,253.79.211.118
404,Joanie,Gleeton,jgleetonb7@redcross.org,Genderqueer,149.10.10.237
405,Dix,Etheredge,detheredgeb8@noaa.gov,Polygender,37.130.110.120
406,Gay,Mathieson,gmathiesonb9@theguardian.com,Male,213.169.177.153
407,Phoebe,Maidens,pmaidensba@github.io,Bigender,131.97.75.75
408,Tiebout,Wilkisson,twilkissonbb@webmd.com,Agender,30.30.158.131
409,Siusan,Iacoviello,siacoviellobc@earthlink.net,Male,177.221.42.174
410,Ingar,Beazleigh,ibeazleighbd@artisteer.com,Genderfluid,43.225.60.244
411,Danica,Adran,dadranbe@shinystat.com,Polygender,217.247.220.182
412,Silvan,Ruskin,sruskinbf@tumblr.com,Agender,164.206.15.76
413,Padget,Loosmore,ploosmorebg@taobao.com,Polygender,193.138.238.48
414,Desmund,Draisey,ddraiseybh@shareasale.com,Genderfluid,164.125.196.153
415,Orbadiah,Scinelli,oscinellibi@live.com,Agender,34.24.236.19
416,Elsworth,Buffery,ebufferybj@etsy.com,Bigender,45.71.135.217
417,Christalle,Paoletti,cpaolettibk@pinterest.com,Male,18.6.150.69
418,Victoria,Rigolle,vrigollebl@live.com,Bigender,221.38.249.201
419,Skippie,McKeady,smckeadybm@un.org,Polygender,103.75.172.130
420,Tyrus,Ashborn,tashbornbn@utexas.edu,Genderqueer,15.229.13.98
421,Lewiss,Ipplett,lipplettbo@yellowbook.com,Polygender,51.43.192.252
422,Wanda,Clotworthy,wclotworthybp@indiegogo.com,Non-binary,87.48.251.170
423,Prinz,Firebrace,pfirebracebq@fotki.com,Genderfluid,189.252.31.41
424,Emmie,Pye,epyebr@quantcast.com,Male,48.27.80.76
425,Benedikt,Burgher,bburgherbs@japanpost.jp,Genderqueer,242.112.18.232
426,Cookie,Amott,camottbt@google.cn,Genderqueer,155.4.153.134
427,Davine,Macias,dmaciasbu@squidoo.com,Non-binary,252.110.39.77
428,Mallory,Sibley,msibleybv@trellian.com,Genderqueer,91.188.46.39
429,Elton,Dyers,edyersbw@kickstarter.com,Male,35.126.247.7
430,Lisle,Bramhill,lbramhillbx@youtu.be,Male,51.5.19.72
431,Emmaline,Zanazzi,ezanazziby@multiply.com,Polygender,19.36.243.241
432,Brynna,Kupis,bkupisbz@prweb.com,Genderfluid,104.202.185.239
433,Walker,Roubeix,wroubeixc0@globo.com,Agender,213.141.249.14
434,Aluino,Oxton,aoxtonc1@google.ca,Female,236.43.0.7
435,Devin,Standley,dstandleyc2@irs.gov,Genderqueer,189.182.206.129
436,Sherwin,Gallant,sgallantc3@oracle.com,Genderfluid,241.128.119.133
437,Nealson,Renne,nrennec4@hp.com,Male,218.60.71.214
438,Clemmy,Screeton,cscreetonc5@dailymotion.com,Bigender,59.83.234.147
439,Hewett,Honniebal,hhonniebalc6@businessweek.com,Agender,132.21.211.152
440,Kale,Reyner,kreynerc7@nydailynews.com,Genderqueer,116.75.251.250
441,Eimile,Fawckner,efawcknerc8@microsoft.com,Agender,213.146.164.87
442,Sim,Blandamere,sblandamerec9@123-reg.co.uk,Non-binary,201.57.204.42
443,Gerty,Canter,gcanterca@latimes.com,Agender,224.177.106.212
444,Sonni,Potebury,spoteburycb@vk.com,Polygender,22.18.187.228
445,Wallie,Como,wcomocc@telegraph.co.uk,Agender,158.184.77.83
446,Sharity,Petkov,spetkovcd@surveymonkey.com,Female,173.161.161.98
447,Sibelle,Khomishin,skhomishince@blog.com,Bigender,222.178.75.139
448,Elva,McBeth,emcbethcf@sogou.com,Male,242.50.173.93
449,Ferdinanda,Knowlden,fknowldencg@so-net.ne.jp,Female,60.52.10.170
450,Camey,Tregea,ctregeach@bbc.co.uk,Genderqueer,49.244.41.246
451,Scottie,Grishakin,sgrishakinci@dedecms.com,Genderfluid,84.195.162.117
452,Edouard,Skeleton,eskeletoncj@sohu.com,Genderqueer,48.61.90.28
453,Alix,Labrone,alabroneck@creativecommons.org,Bigender,16.95.13.142
454,Frayda,McMeeking,fmcmeekingcl@discuz.net,Male,23.153.27.222
455,Julee,Storrier,jstorriercm@discovery.com,Polygender,206.13.151.225
456,Leigh,McGinn,lmcginncn@alexa.com,Genderfluid,134.122.102.144
457,Mellisent,Danilovitch,mdanilovitchco@ucoz.ru,Male,183.94.99.228
458,Issy,Gatchel,igatchelcp@ed.gov,Bigender,113.158.174.103
459,Ginger,Penk,gpenkcq@naver.com,Non-binary,19.209.98.72
460,Pablo,Gadson,pgadsoncr@cyberchimps.com,Male,179.107.40.101
461,Rafaello,Eacott,reacottcs@unc.edu,Bigender,249.201.157.115
462,Kynthia,Lubman,klubmanct@jimdo.com,Non-binary,218.90.238.109
463,Pierre,Drogan,pdrogancu@irs.gov,Female,242.242.195.219
464,Lamond,Santon,lsantoncv@dmoz.org,Polygender,64.124.1.181
465,Esdras,Mixhel,emixhelcw@wsj.com,Polygender,137.108.3.183
466,Tony,Arson,tarsoncx@stanford.edu,Agender,226.204.183.41
467,Edgardo,Clousley,eclousleycy@amazonaws.com,Male,110.59.84.138
468,Coleen,Dowty,cdowtycz@soup.io,Agender,242.13.55.182
469,Burch,Larkby,blarkbyd0@statcounter.com,Bigender,105.223.183.116
470,Korney,Hurdle,khurdled1@cnbc.com,Genderqueer,94.159.24.191
471,Calida,Hovington,chovingtond2@miibeian.gov.cn,Male,194.23.82.244
472,Shanan,Jefferys,sjefferysd3@canalblog.com,Genderfluid,25.229.205.225
473,Jesselyn,Hamshere,jhamshered4@hubpages.com,Bigender,88.92.36.99
474,Gianna,Mattheissen,gmattheissend5@ucsd.edu,Bigender,182.132.235.159
475,Ayn,Hendren,ahendrend6@reverbnation.com,Bigender,45.41.221.96
476,Buiron,Tupie,btupied7@shop-pro.jp,Female,157.164.168.129
477,Roderick,Arnould,rarnouldd8@ow.ly,Agender,19.164.220.66
478,Liesa,Verrick,lverrickd9@google.ru,Female,157.9.144.229
479,Norah,Darco,ndarcoda@dailymotion.com,Bigender,82.87.101.119
480,Lonnard,Josipovitz,ljosipovitzdb@gravatar.com,Agender,113.198.198.177
481,Latia,Margaritelli,lmargaritellidc@dailymail.co.uk,Agender,91.102.210.126
482,Emmalee,Pook,epookdd@timesonline.co.uk,Genderfluid,142.133.249.140
483,Jennee,Meeson,jmeesonde@nytimes.com,Bigender,170.252.175.203
484,Dale,Ismay,dismaydf@stumbleupon.com,Male,189.2.60.150
485,Banky,Divine,bdivinedg@nsw.gov.au,Female,249.226.165.70
486,Alfreda,Swainston,aswainstondh@arizona.edu,Agender,125.247.0.49
487,Emlyn,Duggen,eduggendi@plala.or.jp,Genderfluid,150.45.154.133
488,Jerrie,Caseri,jcaseridj@ted.com,Genderfluid,30.159.40.142
489,Suzann,Erdis,serdisdk@ocn.ne.jp,Female,240.106.154.40
490,Stephi,Bister,sbisterdl@state.gov,Non-binary,141.225.29.121
491,Donielle,Pickover,dpickoverdm@adobe.com,Genderfluid,31.54.93.37
492,Anastasia,Maplestone,amaplestonedn@shutterfly.com,Bigender,203.14.108.116
493,Katheryn,Boyton,kboytondo@sitemeter.com,Agender,17.253.128.156
494,Patricia,Murrock,pmurrockdp@4shared.com,Polygender,207.132.164.157
495,Juieta,Balma,jbalmadq@woothemes.com,Female,21.69.122.13
496,Hamil,Biaggioni,hbiaggionidr@hibu.com,Genderqueer,105.104.42.103
497,Petronia,Scathard,pscathardds@barnesandnoble.com,Genderqueer,145.43.79.75
498,Wally,Grain,wgraindt@oakley.com,Genderqueer,12.214.153.209
499,Tillie,Edmondson,tedmondsondu@businesswire.com,Non-binary,165.38.80.160
500,Lizzie,Kinningley,lkinningleydv@liveinternet.ru,Bigender,188.54.191.27
501,Pier,Ghest,pghestdw@fda.gov,Male,206.80.255.112
502,Jerrilee,Sherreard,jsherrearddx@earthlink.net,Genderqueer,38.164.148.192
503,Chelsey,Newbury,cnewburydy@cnn.com,Genderfluid,103.11.7.30
504,Aldin,Gorner,agornerdz@jimdo.com,Agender,249.229.11.233
505,Carr,Neachell,cneachelle0@msu.edu,Genderfluid,132.240.41.39
506,Victoria,Ternent,vternente1@shop-pro.jp,Genderqueer,232.248.137.124
507,Dulcinea,Yockley,dyockleye2@miitbeian.gov.cn,Genderfluid,223.86.17.233
508,Sandi,Olczyk,solczyke3@independent.co.uk,Male,174.18.164.171
509,Abeu,Alishoner,aalishonere4@wordpress.org,Non-binary,139.59.240.13
510,Tuesday,Glastonbury,tglastonburye5@google.fr,Male,30.210.164.243
511,Bernadine,Eccles,becclese6@engadget.com,Non-binary,69.181.16.233
512,Tam,Renehan,trenehane7@discovery.com,Genderqueer,115.130.69.73
513,Ilyssa,Morfett,imorfette8@amazon.co.jp,Genderqueer,183.157.50.108
514,Inga,Lubeck,ilubecke9@sun.com,Genderqueer,61.242.132.40
515,Ulrick,Jedrzejczyk,ujedrzejczykea@addtoany.com,Genderfluid,5.166.134.52
516,Biddie,Gooderridge,bgooderridgeeb@toplist.cz,Male,180.118.73.107
517,Derby,Ivanishin,divanishinec@cisco.com,Polygender,157.169.109.17
518,Gilly,Masi,gmasied@taobao.com,Polygender,47.210.158.36
519,Luther,Skillington,lskillingtonee@microsoft.com,Genderfluid,24.12.51.47
520,Giovanni,Kemson,gkemsonef@icio.us,Female,215.64.28.120
521,Goddart,Geldart,ggeldarteg@over-blog.com,Genderfluid,236.212.18.222
522,Kellina,Pourveer,kpourveereh@hud.gov,Female,86.86.116.49
523,Haley,Walby,hwalbyei@ibm.com,Male,214.28.77.5
524,Margery,McMurdo,mmcmurdoej@xing.com,Genderqueer,16.225.13.49
525,Cam,Nerne,cnerneek@naver.com,Genderfluid,244.176.211.93
526,Myrlene,Wholesworth,mwholesworthel@yahoo.co.jp,Male,14.157.108.152
527,Zaria,Bogeys,zbogeysem@craigslist.org,Non-binary,197.137.233.68
528,Jayson,Kiehl,jkiehlen@hao123.com,Bigender,198.201.175.70
529,Addy,Tappin,atappineo@topsy.com,Genderqueer,100.232.7.236
530,Gordie,Starking,gstarkingep@rambler.ru,Polygender,226.71.156.217
531,Lauren,Burchess,lburchesseq@blog.com,Polygender,90.179.167.43
532,Barnaby,Tookey,btookeyer@tinypic.com,Polygender,137.33.79.137
533,Sawyere,Renault,srenaultes@trellian.com,Bigender,230.74.199.132
534,Madonna,Manthroppe,mmanthroppeet@mozilla.org,Polygender,66.124.151.20
535,Eugenius,Wandrack,ewandrackeu@kickstarter.com,Bigender,51.129.130.96
536,Georgianne,Sotheby,gsothebyev@jimdo.com,Genderfluid,62.105.52.58
537,Joeann,Brusin,jbrusinew@vinaora.com,Non-binary,77.157.52.230
538,Lorrie,Blacklidge,lblacklidgeex@soup.io,Genderqueer,19.194.217.237
539,Kacie,Richardon,krichardoney@exblog.jp,Female,28.129.205.57
540,Rosanne,Ruppel,rruppelez@netvibes.com,Polygender,186.59.231.100
541,Suzanna,Bellas,sbellasf0@geocities.jp,Non-binary,8.197.114.3
542,Paulette,Donner,pdonnerf1@goodreads.com,Bigender,245.74.153.247
543,Matthias,Crandon,mcrandonf2@vimeo.com,Female,126.67.194.175
544,Alano,Benardette,abenardettef3@ifeng.com,Genderfluid,253.226.247.123
545,Shayna,Duran,sduranf4@phpbb.com,Female,41.30.219.3
546,Janeva,Lawlance,jlawlancef5@wunderground.com,Genderfluid,157.84.105.121
547,Meg,Dudill,mdudillf6@ucoz.com,Male,46.74.186.219
548,Cassandre,Grima,cgrimaf7@wsj.com,Polygender,135.149.98.182
549,Nikkie,Heasly,nheaslyf8@blogger.com,Bigender,235.29.134.225
550,Conan,Wale,cwalef9@mediafire.com,Genderfluid,86.54.87.25
551,Charlton,Spata,cspatafa@google.com.hk,Polygender,48.222.244.234
552,Meredeth,Sjostrom,msjostromfb@mozilla.org,Genderqueer,208.201.157.72
553,Tootsie,Belliss,tbellissfc@wp.com,Bigender,37.186.152.238
554,Marja,Landell,mlandellfd@mysql.com,Agender,47.175.252.250
555,Ron,Hollebon,rhollebonfe@linkedin.com,Genderfluid,166.139.131.159
556,Ingmar,Derrick,iderrickff@amazon.de,Agender,40.184.105.100
557,Marj,Danne,mdannefg@hp.com,Genderqueer,92.207.102.35
558,Vally,Arnald,varnaldfh@howstuffworks.com,Polygender,96.227.38.75
559,Natal,Perrat,nperratfi@google.co.jp,Bigender,44.115.15.191
560,Evangelia,Pipping,epippingfj@hugedomains.com,Female,164.216.138.94
561,Suellen,Dudek,sdudekfk@creativecommons.org,Polygender,60.108.50.58
562,Liuka,Dupey,ldupeyfl@mail.ru,Polygender,152.208.254.77
563,Bennie,Skones,bskonesfm@unesco.org,Genderqueer,20.51.62.226
564,Mamie,Jedrychowski,mjedrychowskifn@webnode.com,Agender,206.66.40.159
565,Carrie,Franceschelli,cfranceschellifo@infoseek.co.jp,Non-binary,204.242.247.64
566,Moselle,Calf,mcalffp@zdnet.com,Genderfluid,81.104.197.182
567,Nate,Chesshire,nchesshirefq@webeden.co.uk,Polygender,233.205.123.109
568,Bradley,Sharrocks,bsharrocksfr@furl.net,Genderqueer,68.206.198.171
569,Angela,Giroldo,agiroldofs@wordpress.com,Female,200.161.61.37
570,Cynde,Moores,cmooresft@usgs.gov,Female,70.170.108.173
571,Dell,Boggish,dboggishfu@creativecommons.org,Genderqueer,49.212.192.179
572,Sammy,Cleyne,scleynefv@gov.uk,Genderfluid,66.15.123.219
573,Riannon,Shirland,rshirlandfw@cdbaby.com,Agender,6.153.48.194
574,Filia,MacAllister,fmacallisterfx@alexa.com,Female,130.81.106.110
575,Lemar,Poytheras,lpoytherasfy@prnewswire.com,Male,144.3.79.162
576,Jacquie,Birchett,jbirchettfz@printfriendly.com,Genderfluid,179.206.85.187
577,Nariko,Moorman,nmoormang0@ycombinator.com,Male,113.206.100.65
578,Michail,Spleving,msplevingg1@army.mil,Polygender,157.150.255.123
579,Rosamond,Erasmus,rerasmusg2@infoseek.co.jp,Genderqueer,69.133.250.56
580,Druci,Cammacke,dcammackeg3@usatoday.com,Genderqueer,77.175.206.154
581,Welch,Hooks,whooksg4@icq.com,Bigender,50.154.73.196
582,Carol,Linster,clinsterg5@unicef.org,Genderfluid,86.74.100.130
583,Alberta,Bluck,abluckg6@fotki.com,Non-binary,213.244.178.120
584,Niles,Irwin,nirwing7@angelfire.com,Female,134.12.22.11
585,Hurley,Frederick,hfrederickg8@marriott.com,Female,215.234.80.136
586,Ulrick,Thornally,uthornallyg9@simplemachines.org,Male,93.53.240.201
587,Pablo,Kimbley,pkimbleyga@imdb.com,Non-binary,82.55.243.78
588,Annelise,Scopyn,ascopyngb@hatena.ne.jp,Genderqueer,60.250.9.35
589,Megan,Kingcote,mkingcotegc@usatoday.com,Polygender,187.170.160.65
590,Evangelina,Bullus,ebullusgd@linkedin.com,Male,200.93.28.199
591,Bartholomeus,Curley,bcurleyge@constantcontact.com,Polygender,235.152.16.43
592,Vikki,Clapson,vclapsongf@tmall.com,Genderfluid,102.253.187.56
593,Corly,Baraclough,cbaracloughgg@loc.gov,Polygender,23.222.127.194
594,Herold,Conen,hconengh@house.gov,Genderqueer,158.235.203.12
595,Terry,Walklate,twalklategi@unesco.org,Agender,54.92.17.195
596,Olivia,Lorence,olorencegj@ihg.com,Genderqueer,30.198.66.54
597,Marika,Westpfel,mwestpfelgk@nasa.gov,Agender,44.211.176.18
598,Trudi,Vanyard,tvanyardgl@mlb.com,Male,106.77.140.218
599,Johann,Crossgrove,jcrossgrovegm@discovery.com,Female,169.228.83.13
600,Reilly,Prewett,rprewettgn@sitemeter.com,Agender,88.119.130.62
601,Baron,Ullyatt,bullyattgo@whitehouse.gov,Polygender,59.167.156.31
602,Edsel,Poley,epoleygp@arstechnica.com,Male,139.122.114.90
603,Livvyy,Bemlott,lbemlottgq@salon.com,Genderfluid,95.58.151.188
604,Rodrique,Dionisii,rdionisiigr@abc.net.au,Polygender,175.148.197.193
605,Gerald,Mattek,gmattekgs@stumbleupon.com,Non-binary,65.36.124.155
606,Larine,Gudgion,lgudgiongt@businessweek.com,Bigender,70.24.189.175
607,Dasie,Newdick,dnewdickgu@kickstarter.com,Female,227.13.96.156
608,Barrie,Jorissen,bjorissengv@arstechnica.com,Bigender,75.53.153.14
609,Lin,Laughren,llaughrengw@nbcnews.com,Male,125.246.236.186
610,Madelene,Pfeffle,mpfefflegx@aol.com,Female,98.29.54.39
611,Ely,Chamberlin,echamberlingy@paginegialle.it,Female,128.20.203.81
612,Starla,O' Shea,sosheagz@1688.com,Bigender,197.236.19.90
613,Obie,de la Tremoille,odelatremoilleh0@creativecommons.org,Male,29.61.138.160
614,Gypsy,Boydon,gboydonh1@123-reg.co.uk,Female,30.242.0.234
615,Klaus,McGinn,kmcginnh2@guardian.co.uk,Male,220.39.224.199
616,Wittie,Farington,wfaringtonh3@soup.io,Bigender,34.132.243.130
617,Velvet,Baser,vbaserh4@constantcontact.com,Bigender,101.184.3.36
618,Thurston,Vlasov,tvlasovh5@geocities.com,Female,198.89.166.49
619,Wendell,Dubble,wdubbleh6@about.com,Polygender,80.22.234.104
620,Vera,Dishman,vdishmanh7@hao123.com,Bigender,81.219.39.67
621,Thomasina,Logue,tlogueh8@meetup.com,Male,96.111.48.78
622,Constanta,Yele,cyeleh9@drupal.org,Female,145.206.60.117
623,Carri,Coneley,cconeleyha@list-manage.com,Male,95.226.105.41
624,Jorrie,Stilling,jstillinghb@google.it,Non-binary,150.202.47.199
625,Angelia,Henri,ahenrihc@shop-pro.jp,Agender,215.132.120.132
626,Blondie,Fortesquieu,bfortesquieuhd@cmu.edu,Female,8.191.45.12
627,Cornela,Thompson,cthompsonhe@statcounter.com,Agender,42.39.232.237
628,Alameda,Lehenmann,alehenmannhf@soundcloud.com,Genderfluid,152.118.187.110
629,Hally,MacFadden,hmacfaddenhg@gravatar.com,Genderfluid,61.10.97.247
630,Angel,Kruschov,akruschovhh@mac.com,Non-binary,112.194.78.111
631,Henrie,Filyakov,hfilyakovhi@google.nl,Male,20.22.34.74
632,Darda,Hamman,dhammanhj@infoseek.co.jp,Polygender,64.35.84.28
633,Inger,Westcott,iwestcotthk@ebay.co.uk,Agender,136.88.209.107
634,Derrick,Naden,dnadenhl@rediff.com,Male,165.188.40.58
635,Luelle,Batterson,lbattersonhm@ebay.com,Agender,157.72.225.105
636,Lennie,Herreros,lherreroshn@columbia.edu,Non-binary,7.252.226.63
637,Sander,Serrier,sserrierho@bandcamp.com,Male,135.223.3.136
638,Jennie,Flement,jflementhp@bbc.co.uk,Bigender,16.5.253.162
639,Gaye,Pattie,gpattiehq@ihg.com,Male,185.37.100.61
640,Kellie,Pringuer,kpringuerhr@hatena.ne.jp,Male,208.15.9.16
641,Garnette,Bartaloni,gbartalonihs@blogtalkradio.com,Genderfluid,36.74.176.69
642,Elbert,Brotheridge,ebrotheridgeht@yelp.com,Female,106.104.142.174
643,Monah,Tall,mtallhu@hubpages.com,Agender,207.176.126.148
644,Hyatt,Cartlidge,hcartlidgehv@ovh.net,Bigender,213.157.74.247
645,Rikki,Baccup,rbaccuphw@marketwatch.com,Genderfluid,181.0.35.161
646,Orville,Havercroft,ohavercrofthx@constantcontact.com,Genderqueer,23.93.14.225
647,Romola,Ive,rivehy@quantcast.com,Genderfluid,182.231.210.96
648,Sandor,Hanham,shanhamhz@tripod.com,Bigender,62.251.168.147
649,Shelby,Ruddin,sruddini0@biglobe.ne.jp,Polygender,8.16.4.200
650,Ingmar,Counihan,icounihani1@github.io,Genderfluid,218.63.105.235
651,Zaccaria,Glasscoe,zglasscoei2@nymag.com,Agender,114.187.30.220
652,Hinda,Fallowfield,hfallowfieldi3@joomla.org,Male,26.86.231.77
653,Karon,Dowsett,kdowsetti4@cisco.com,Bigender,148.134.163.228
654,Shayna,O'Corrane,socorranei5@meetup.com,Polygender,101.241.250.14
655,Smith,Nestle,snestlei6@ehow.com,Genderfluid,97.73.67.11
656,Ernestus,Ceschini,eceschinii7@wix.com,Male,212.97.142.147
657,Heloise,Ferrarin,hferrarini8@reference.com,Agender,254.155.145.200
658,Hana,O'Cleary,hoclearyi9@prnewswire.com,Polygender,152.174.181.33
659,Blithe,Ferronet,bferronetia@github.io,Non-binary,154.89.141.138
660,Brodie,Stannah,bstannahib@ihg.com,Male,250.41.30.106
661,Jillian,Redwing,jredwingic@blogger.com,Polygender,200.206.93.83
662,Maximilianus,McKerley,mmckerleyid@nyu.edu,Polygender,32.176.99.172
663,Robinett,Kippie,rkippieie@freewebs.com,Female,226.212.18.178
664,Fabiano,Castard,fcastardif@plala.or.jp,Female,88.158.53.8
665,Bank,Gomez,bgomezig@bbc.co.uk,Polygender,82.74.96.227
666,Christie,Dawidowicz,cdawidowiczih@unblog.fr,Genderqueer,72.154.213.226
667,Coriss,Belderson,cbeldersonii@google.com.br,Bigender,250.163.136.229
668,Baird,Desantis,bdesantisij@cnet.com,Bigender,178.60.239.246
669,Moina,Varah,mvarahik@disqus.com,Male,172.79.14.222
670,Gavin,Laneham,glanehamil@github.com,Non-binary,125.196.227.62
671,Jermaine,Petracek,jpetracekim@mysql.com,Bigender,56.126.221.88
672,Susie,Darco,sdarcoin@msn.com,Agender,47.191.224.87
673,Rolando,Crummie,rcrummieio@lycos.com,Agender,188.47.119.70
674,Rubie,Theodore,rtheodoreip@timesonline.co.uk,Agender,162.180.244.78
675,Bink,Neeve,bneeveiq@skyrock.com,Non-binary,71.179.101.143
676,Artus,Kilford,akilfordir@google.es,Female,115.236.252.185
677,Rycca,Dubose,rduboseis@buzzfeed.com,Genderfluid,92.55.194.254
678,Kassandra,Baile,kbaileit@wikispaces.com,Male,165.32.242.17
679,Salli,Bessant,sbessantiu@fotki.com,Male,189.212.180.117
680,Marsh,Chadderton,mchaddertoniv@sohu.com,Genderfluid,7.87.165.89
681,Fredrick,Lilleycrop,flilleycropiw@census.gov,Polygender,144.93.60.23
682,Dannie,Chipp,dchippix@si.edu,Female,78.216.32.77
683,Hattie,Colliss,hcollissiy@cbc.ca,Agender,154.34.255.235
684,Lindsey,Wrotchford,lwrotchfordiz@ocn.ne.jp,Genderqueer,111.32.197.249
685,Nanice,Lickess,nlickessj0@surveymonkey.com,Female,79.13.163.70
686,Reginauld,Brantl,rbrantlj1@census.gov,Genderfluid,67.46.247.76
687,Grady,Philot,gphilotj2@rakuten.co.jp,Genderfluid,208.139.223.141
688,Fraze,Rasper,frasperj3@tiny.cc,Bigender,55.79.73.135
689,Alic,Duthy,aduthyj4@businessinsider.com,Genderqueer,25.203.31.169
690,Rosemarie,Brilon,rbrilonj5@creativecommons.org,Male,68.3.130.112
691,Leonid,todor,ltodorj6@newsvine.com,Agender,252.134.232.156
692,Adamo,Lerner,alernerj7@mashable.com,Female,37.248.104.177
693,Veronika,Palay,vpalayj8@domainmarket.com,Agender,133.98.188.217
694,Stewart,Caughtry,scaughtryj9@livejournal.com,Female,78.173.85.32
695,Chloette,Weepers,cweepersja@yellowbook.com,Female,181.138.236.227
696,Gar,Lamplough,glamploughjb@princeton.edu,Genderqueer,9.231.118.51
697,Armand,Kerwick,akerwickjc@bloglines.com,Bigender,240.116.232.194
698,Weylin,Fenge,wfengejd@parallels.com,Bigender,240.102.146.75
699,Gardiner,Whitsey,gwhitseyje@blogspot.com,Agender,146.153.131.247
700,Eden,Pennicard,epennicardjf@sogou.com,Genderfluid,45.196.147.109
701,Alaric,Gores,agoresjg@livejournal.com,Genderfluid,239.246.236.39
702,Braden,MacCahee,bmaccaheejh@parallels.com,Genderfluid,194.9.38.161
703,Danella,Thacker,dthackerji@blogtalkradio.com,Agender,226.105.67.160
704,Illa,Wayvill,iwayvilljj@vimeo.com,Bigender,199.50.225.156
705,Philippe,Spoerl,pspoerljk@qq.com,Agender,57.97.254.3
706,Wenona,Marczyk,wmarczykjl@zdnet.com,Female,82.73.236.169
707,Ware,Sweedy,wsweedyjm@hp.com,Female,88.17.141.100
708,Johannah,Michallat,jmichallatjn@hc360.com,Male,201.204.94.31
709,Antonin,Lucus,alucusjo@jimdo.com,Agender,240.90.186.177
710,Joaquin,Croisier,jcroisierjp@goo.ne.jp,Agender,164.212.176.47
711,Johnathan,Levy,jlevyjq@histats.com,Male,213.55.35.50
712,Adelaida,Leman,alemanjr@businesswire.com,Genderfluid,115.112.206.5
713,Cornelius,Cordova,ccordovajs@slideshare.net,Genderqueer,25.212.75.204
714,Wald,Devericks,wdevericksjt@google.nl,Polygender,78.29.86.245
715,Mathias,Rotge,mrotgeju@oaic.gov.au,Non-binary,152.227.183.99
716,Niki,Yegorovnin,nyegorovninjv@webs.com,Female,218.153.131.230
717,Nicholle,Wilmut,nwilmutjw@apple.com,Genderfluid,10.175.69.201
718,Oberon,Sickamore,osickamorejx@parallels.com,Agender,37.101.147.40
719,Gretta,Thurborn,gthurbornjy@angelfire.com,Bigender,198.173.74.29
720,Jaynell,Conochie,jconochiejz@census.gov,Male,208.159.141.11
721,Shela,Mylchreest,smylchreestk0@networkadvertising.org,Genderfluid,203.205.83.59
722,Madge,Rodge,mrodgek1@livejournal.com,Non-binary,246.210.153.98
723,Carmencita,Moxsom,cmoxsomk2@forbes.com,Polygender,246.183.215.126
724,Emlyn,Coultous,ecoultousk3@jugem.jp,Bigender,50.113.208.57
725,Any,Dzeniskevich,adzeniskevichk4@abc.net.au,Agender,192.97.41.184
726,Glenn,Oldmeadow,goldmeadowk5@abc.net.au,Female,154.133.43.65
727,Kin,Hadny,khadnyk6@un.org,Polygender,101.143.252.78
728,Tallie,Piddock,tpiddockk7@youtube.com,Male,143.67.150.221
729,Giselbert,Mixer,gmixerk8@sun.com,Bigender,96.182.236.198
730,Dallon,Gehringer,dgehringerk9@google.pl,Male,175.64.190.7
731,Mitchael,De Gregorio,mdegregorioka@wsj.com,Polygender,140.210.12.115
732,Elly,Baskeyfield,ebaskeyfieldkb@salon.com,Male,3.93.67.155
733,Grady,Deniscke,gdenisckekc@va.gov,Non-binary,92.141.216.118
734,Tod,Jamot,tjamotkd@dedecms.com,Polygender,237.77.46.88
735,Nataniel,Kenninghan,nkenninghanke@newyorker.com,Male,211.40.32.186
736,Guthry,Barkway,gbarkwaykf@ehow.com,Bigender,225.148.248.228
737,Heinrick,Vankov,hvankovkg@mlb.com,Genderqueer,236.128.216.49
738,Mair,Smales,msmaleskh@blog.com,Agender,32.164.110.123
739,Jobi,Kitcat,jkitcatki@macromedia.com,Male,128.142.177.204
740,Dorine,Pairpoint,dpairpointkj@pinterest.com,Genderfluid,36.86.134.166
741,Cassey,Benninger,cbenningerkk@cisco.com,Bigender,30.193.54.216
742,Krista,Cosgry,kcosgrykl@techcrunch.com,Male,42.16.222.139
743,Ethelyn,Morriss,emorrisskm@examiner.com,Genderfluid,154.0.132.201
744,Kirsten,Wolfers,kwolferskn@tinypic.com,Male,230.34.251.240
745,Maurizio,Ondrich,mondrichko@behance.net,Polygender,91.225.233.233
746,Peggi,Seares,pseareskp@goo.gl,Male,196.70.206.204
747,Joshua,Benson,jbensonkq@jimdo.com,Genderqueer,164.78.218.57
748,Lucky,Frearson,lfrearsonkr@marketwatch.com,Polygender,75.43.67.217
749,Ivan,Waples,iwaplesks@privacy.gov.au,Agender,110.162.242.54
750,Rhianna,Cogswell,rcogswellkt@jiathis.com,Female,94.251.104.90
751,Donalt,Darwent,ddarwentku@github.io,Non-binary,178.37.26.27
752,Petr,Dilworth,pdilworthkv@craigslist.org,Genderqueer,43.139.237.146
753,Raine,Peret,rperetkw@hugedomains.com,Genderqueer,16.30.207.42
754,Oona,Ferrige,oferrigekx@unblog.fr,Female,90.204.153.90
755,Lev,Looker,llookerky@businesswire.com,Polygender,116.20.29.226
756,Fionnula,Le Noir,flenoirkz@china.com.cn,Genderqueer,54.234.253.3
757,Polly,Tant,ptantl0@ehow.com,Agender,36.143.61.40
758,Kelsi,De Filippi,kdefilippil1@newyorker.com,Polygender,197.20.187.247
759,Eleanor,Wardingly,ewardinglyl2@discovery.com,Genderqueer,173.234.70.255
760,Rois,Scotchmore,rscotchmorel3@berkeley.edu,Bigender,112.219.213.150
761,Vonny,Dallaway,vdallawayl4@omniture.com,Female,24.251.32.40
762,Delia,Purdon,dpurdonl5@si.edu,Female,104.176.66.200
763,Tobi,Caudelier,tcaudelierl6@histats.com,Non-binary,185.163.64.151
764,Donal,Loins,dloinsl7@deviantart.com,Polygender,2.84.214.206
765,Palmer,Catton,pcattonl8@statcounter.com,Agender,67.212.90.189
766,Scottie,Grinnov,sgrinnovl9@google.com.br,Agender,171.45.16.192
767,Dara,Nickerson,dnickersonla@google.com.au,Non-binary,24.6.191.135
768,Lotti,Lievesley,llievesleylb@naver.com,Agender,244.199.136.218
769,Billie,Goldstone,bgoldstonelc@cafepress.com,Polygender,203.18.58.111
770,Debbi,McLevie,dmclevield@nih.gov,Male,112.22.48.103
771,Ardys,Comazzo,acomazzole@google.pl,Non-binary,196.220.85.224
772,Clareta,Voules,cvouleslf@homestead.com,Bigender,214.219.115.35
773,Bryant,Martonfi,bmartonfilg@gnu.org,Bigender,135.208.8.141
774,Al,Miall,amialllh@last.fm,Polygender,176.213.109.41
775,Madalena,Scatcher,mscatcherli@soup.io,Non-binary,142.135.159.131
776,Theressa,Speeding,tspeedinglj@sohu.com,Bigender,194.131.246.255
777,Chantal,Kettoe,ckettoelk@boston.com,Bigender,152.134.185.128
778,Jeddy,Harriss,jharrissll@hexun.com,Female,209.149.192.253
779,Filippo,Sudworth,fsudworthlm@wired.com,Bigender,10.105.19.254
780,Conrado,Livesey,cliveseyln@auda.org.au,Bigender,32.174.11.143
781,Innis,Hentze,ihentzelo@toplist.cz,Female,178.169.203.11
782,Lockwood,Stookes,lstookeslp@tiny.cc,Genderfluid,56.84.28.198
783,Moreen,Bolitho,mbolitholq@washingtonpost.com,Agender,179.153.183.83
784,Sargent,Rampage,srampagelr@weather.com,Genderfluid,248.164.112.56
785,Estella,Stair,estairls@hatena.ne.jp,Agender,21.129.55.41
786,Hieronymus,Rowland,hrowlandlt@youtube.com,Polygender,161.95.122.176
787,Truda,Eaddy,teaddylu@ovh.net,Male,242.109.23.185
788,Dianne,Lidgerton,dlidgertonlv@springer.com,Genderqueer,179.127.162.144
789,Sterling,Cardenosa,scardenosalw@census.gov,Male,222.73.114.201
790,Shanna,MacAndrew,smacandrewlx@taobao.com,Genderqueer,201.251.239.69
791,Sampson,Coning,sconingly@slashdot.org,Female,218.205.249.254
792,Rosalynd,Solano,rsolanolz@yahoo.com,Male,150.187.161.31
793,Jorry,Spore,jsporem0@sourceforge.net,Agender,8.49.47.25
794,Gipsy,Hodgon,ghodgonm1@state.gov,Male,200.63.121.244
795,Zita,Browne,zbrownem2@mapquest.com,Male,203.83.61.117
796,Zara,Gregorio,zgregoriom3@princeton.edu,Non-binary,191.87.5.144
797,Billi,Wooff,bwooffm4@friendfeed.com,Genderqueer,43.207.222.31
798,Dario,Lukehurst,dlukehurstm5@samsung.com,Bigender,2.151.149.116
799,Ernestine,Wadhams,ewadhamsm6@cbslocal.com,Genderqueer,135.111.176.152
800,Beilul,Jentgens,bjentgensm7@craigslist.org,Agender,128.245.221.20
801,Orren,Spindler,ospindlerm8@state.gov,Male,61.17.220.191
802,Toddy,McGown,tmcgownm9@ustream.tv,Non-binary,235.59.231.87
803,Daile,Rolance,drolancema@sourceforge.net,Male,36.146.83.244
804,Fay,Servant,fservantmb@tripod.com,Polygender,161.195.155.14
805,Caddric,Turland,cturlandmc@army.mil,Female,29.205.89.13
806,Wadsworth,Hessel,whesselmd@princeton.edu,Genderfluid,127.200.86.97
807,Townie,Bennellick,tbennellickme@reference.com,Female,230.235.248.144
808,Westbrooke,Armer,warmermf@guardian.co.uk,Polygender,233.213.78.197
809,Simone,Spare,ssparemg@alexa.com,Female,204.237.47.218
810,Robena,Cranstone,rcranstonemh@behance.net,Genderqueer,113.181.237.197
811,Trey,Gerrans,tgerransmi@auda.org.au,Genderfluid,16.51.200.240
812,Lissy,Gallally,lgallallymj@purevolume.com,Agender,36.6.51.182
813,Dorothy,Jeannin,djeanninmk@surveymonkey.com,Non-binary,29.38.186.133
814,Jarrett,Guerola,jguerolaml@virginia.edu,Bigender,19.82.89.114
815,Devon,Salzburger,dsalzburgermm@networkadvertising.org,Male,89.81.129.186
816,Orrin,Fryd,ofrydmn@is.gd,Agender,186.94.107.156
817,Bastian,Culligan,bculliganmo@addthis.com,Female,57.136.74.178
818,Beltran,Chelnam,bchelnammp@reference.com,Genderfluid,80.43.82.144
819,Peadar,Karpe,pkarpemq@sphinn.com,Agender,115.182.92.30
820,Marika,Stickins,mstickinsmr@deviantart.com,Genderfluid,230.88.186.94
821,Saunder,Goodfellow,sgoodfellowms@phoca.cz,Female,193.129.221.119
822,Amelia,Helmke,ahelmkemt@scientificamerican.com,Genderfluid,250.201.192.164
823,Bobette,Golda,bgoldamu@myspace.com,Genderqueer,163.59.69.183
824,Lothario,Behan,lbehanmv@indiatimes.com,Polygender,124.159.232.83
825,Joane,Valler,jvallermw@cocolog-nifty.com,Male,88.33.153.121
826,Jesse,Mullin,jmullinmx@aboutads.info,Female,218.75.103.35
827,Tom,Stear,tstearmy@opera.com,Bigender,18.105.88.129
828,Ashleigh,Gouda,agoudamz@paypal.com,Agender,185.70.156.63
829,Estrellita,Robker,erobkern0@youtu.be,Agender,5.147.15.132
830,Maggy,Pesek,mpesekn1@a8.net,Female,39.95.34.85
831,Traci,Tuckie,ttuckien2@altervista.org,Female,78.108.117.172
832,Jaimie,Menis,jmenisn3@fema.gov,Non-binary,238.195.34.41
833,Gardener,Millsom,gmillsomn4@xinhuanet.com,Bigender,41.224.112.178
834,Farly,Jahncke,fjahncken5@bloglovin.com,Bigender,187.19.110.182
835,Bevin,Miranda,bmirandan6@un.org,Female,84.163.143.52
836,Gerard,Claige,gclaigen7@printfriendly.com,Polygender,48.245.202.68
837,Kyla,Witz,kwitzn8@miitbeian.gov.cn,Male,77.218.230.191
838,Duke,Ackerman,dackermann9@europa.eu,Genderfluid,54.21.186.87
839,Mamie,Frohock,mfrohockna@last.fm,Polygender,10.124.242.83
840,Kit,Zanitti,kzanittinb@booking.com,Male,168.190.57.244
841,Iormina,Mycroft,imycroftnc@merriam-webster.com,Polygender,5.157.99.13
842,Dorri,Mizen,dmizennd@wikispaces.com,Genderqueer,87.12.6.172
843,Charlot,Skedge,cskedgene@utexas.edu,Bigender,181.61.183.108
844,Ambrosio,Sigert,asigertnf@rediff.com,Polygender,57.254.248.225
845,Alli,Menloe,amenloeng@seattletimes.com,Polygender,102.230.221.107
846,Janelle,Gennerich,jgennerichnh@guardian.co.uk,Female,146.41.246.219
847,Ellene,Grinin,egrininni@upenn.edu,Genderqueer,34.1.224.123
848,Barnie,Sandells,bsandellsnj@flavors.me,Bigender,138.191.105.35
849,Erica,Ketchell,eketchellnk@pinterest.com,Genderfluid,96.89.74.148
850,Glynnis,Trever,gtrevernl@free.fr,Female,218.191.206.135
851,Kelby,Hardingham,khardinghamnm@exblog.jp,Genderfluid,165.123.10.118
852,Neille,Astman,nastmannn@netvibes.com,Female,142.136.76.147
853,Joachim,Newband,jnewbandno@loc.gov,Male,208.216.111.223
854,Jimmie,Wykes,jwykesnp@alibaba.com,Male,162.176.10.212
855,Keelby,Fitkin,kfitkinnq@friendfeed.com,Non-binary,248.162.147.209
856,Lemmy,Oldacre,loldacrenr@indiegogo.com,Genderqueer,127.26.213.0
857,Isidora,Frederick,ifrederickns@shinystat.com,Non-binary,108.2.111.21
858,Dorothee,Darte,ddartent@dagondesign.com,Female,6.34.173.64
859,Liz,Saxton,lsaxtonnu@usda.gov,Female,19.162.230.22
860,Emmett,Hynam,ehynamnv@cdc.gov,Genderqueer,154.9.239.47
861,Storm,Yuryaev,syuryaevnw@skype.com,Genderqueer,187.208.229.142
862,Regan,Keemer,rkeemernx@dagondesign.com,Agender,154.138.189.59
863,Karna,MacAlpyne,kmacalpyneny@vkontakte.ru,Genderfluid,252.254.19.124
864,Shirlee,Jewson,sjewsonnz@google.nl,Bigender,74.80.46.107
865,Sibella,Klass,sklasso0@microsoft.com,Genderqueer,137.49.172.239
866,Zenia,Leming,zlemingo1@prlog.org,Agender,180.76.208.217
867,Elnora,Sheaber,esheabero2@tuttocitta.it,Male,225.100.156.61
868,Yankee,Prandoni,yprandonio3@google.pl,Genderfluid,160.215.253.57
869,Gustave,Etienne,getienneo4@fema.gov,Non-binary,203.210.37.113
870,Thadeus,Roddy,troddyo5@xinhuanet.com,Male,160.237.71.172
871,Rogerio,Tiesman,rtiesmano6@sun.com,Genderfluid,1.95.81.70
872,Debra,Grosvener,dgrosvenero7@home.pl,Polygender,88.79.31.7
873,Fan,Druery,fdrueryo8@edublogs.org,Genderqueer,148.14.128.201
874,Jimmy,Willeson,jwillesono9@ovh.net,Genderfluid,91.0.210.8
875,Wilhelmina,Widdicombe,wwiddicombeoa@yahoo.com,Bigender,230.113.241.188
876,Ki,Howlin,khowlinob@youtu.be,Agender,178.75.255.188
877,Eward,Feldhammer,efeldhammeroc@devhub.com,Bigender,198.169.181.243
878,Rhianna,Sheal,rshealod@t-online.de,Male,164.2.33.238
879,Astrix,Howling,ahowlingoe@cbsnews.com,Bigender,254.216.115.235
880,Stacy,Lineker,slinekerof@rakuten.co.jp,Polygender,213.210.110.183
881,Aldis,Paybody,apaybodyog@smh.com.au,Bigender,171.71.178.81
882,Errick,Folliott,efolliottoh@ed.gov,Polygender,245.204.178.140
883,Gene,Rohloff,grohloffoi@hhs.gov,Polygender,200.178.245.182
884,Gothart,Bosch,gboschoj@imageshack.us,Bigender,57.195.107.217
885,Carena,List,clistok@devhub.com,Genderqueer,215.192.184.241
886,Theressa,Fiddiman,tfiddimanol@artisteer.com,Non-binary,164.166.14.122
887,Decca,Maberley,dmaberleyom@hc360.com,Genderqueer,71.222.229.226
888,Zonda,Warratt,zwarratton@baidu.com,Male,0.131.61.95
889,Salomon,Balderstone,sbalderstoneoo@earthlink.net,Female,40.215.144.241
890,Alain,Penbarthy,apenbarthyop@mail.ru,Bigender,186.8.134.132
891,Obed,Cape,ocapeoq@etsy.com,Female,117.106.106.33
892,Skippie,Doale,sdoaleor@harvard.edu,Bigender,159.229.49.11
893,Eugenius,Tomkowicz,etomkowiczos@jigsy.com,Bigender,149.191.246.113
894,Daryn,Quarrie,dquarrieot@china.com.cn,Male,226.146.84.179
895,Roanne,Jendrich,rjendrichou@ustream.tv,Male,38.220.199.61
896,Rosita,Pickthorne,rpickthorneov@goo.ne.jp,Male,163.88.231.47
897,Bella,Hutchinson,bhutchinsonow@chicagotribune.com,Genderfluid,8.128.150.9
898,Michail,Holliar,mholliarox@google.com.au,Bigender,196.186.190.106
899,Colby,Kyme,ckymeoy@freewebs.com,Genderfluid,106.161.8.193
900,Chelsey,Notti,cnottioz@woothemes.com,Genderfluid,108.180.205.164
901,Farica,Gepson,fgepsonp0@indiegogo.com,Polygender,182.166.124.232
902,Nate,Paten,npatenp1@soup.io,Male,119.228.106.125
903,Jefferey,Brands,jbrandsp2@jigsy.com,Polygender,74.111.105.13
904,Caesar,Tuft,ctuftp3@spiegel.de,Genderfluid,116.162.131.240
905,Vivi,Spavon,vspavonp4@cafepress.com,Agender,45.235.31.212
906,Anitra,Kyndred,akyndredp5@imgur.com,Female,95.1.129.191
907,Bamby,Harewood,bharewoodp6@newsvine.com,Non-binary,226.227.39.35
908,Curtice,Sweeten,csweetenp7@paypal.com,Genderfluid,229.128.3.158
909,Nigel,McCullum,nmccullump8@angelfire.com,Female,249.124.148.36
910,Ruy,Hache,rhachep9@joomla.org,Non-binary,109.130.190.34
911,Clementia,Kachel,ckachelpa@github.io,Male,47.1.238.19
912,Ahmad,Aspenlon,aaspenlonpb@ox.ac.uk,Polygender,211.32.32.9
913,Vonni,Fordham,vfordhampc@nasa.gov,Genderfluid,98.126.144.142
914,Drusy,Calbreath,dcalbreathpd@artisteer.com,Genderfluid,139.105.248.174
915,Irvin,Sturgess,isturgesspe@amazon.co.uk,Bigender,2.112.91.145
916,Fredra,MacNeill,fmacneillpf@sbwire.com,Polygender,116.65.246.176
917,Lydia,Blezard,lblezardpg@apache.org,Female,197.122.212.233
918,Victor,Gradley,vgradleyph@cdc.gov,Agender,203.106.176.179
919,Datha,Gateman,dgatemanpi@ihg.com,Non-binary,23.92.207.87
920,Thea,Gristock,tgristockpj@csmonitor.com,Genderqueer,179.126.163.220
921,Ashleigh,Chillistone,achillistonepk@princeton.edu,Female,111.177.42.68
922,Sarena,Aylen,saylenpl@list-manage.com,Genderqueer,78.159.61.4
923,Frederica,McArd,fmcardpm@example.com,Bigender,25.66.209.125
924,Tann,Sowrah,tsowrahpn@hubpages.com,Genderqueer,120.254.208.26
925,Chevy,Edgington,cedgingtonpo@ucoz.ru,Bigender,93.36.19.205
926,Slade,Chopy,schopypp@simplemachines.org,Male,208.223.175.238
927,Mattie,Royans,mroyanspq@themeforest.net,Genderfluid,175.203.140.28
928,Abagail,Giovannazzi,agiovannazzipr@webnode.com,Agender,206.42.169.159
929,Damon,Lodden,dloddenps@gizmodo.com,Polygender,207.3.16.115
930,Joete,Kelmere,jkelmerept@w3.org,Agender,140.224.32.240
931,Blayne,Longshaw,blongshawpu@friendfeed.com,Genderqueer,16.66.108.98
932,Lynea,Basset,lbassetpv@shutterfly.com,Polygender,205.52.45.43
933,Stacy,Sneezum,ssneezumpw@wix.com,Non-binary,229.9.199.80
934,Marilyn,Berrycloth,mberryclothpx@ebay.co.uk,Genderfluid,233.195.188.74
935,Amalea,Jordin,ajordinpy@nasa.gov,Polygender,145.13.142.23
936,Dorelle,Meenan,dmeenanpz@sciencedaily.com,Non-binary,169.40.88.207
937,Emlen,McKerron,emckerronq0@paginegialle.it,Agender,85.120.227.176
938,Remington,Ebsworth,rebsworthq1@wiley.com,Genderqueer,134.26.218.239
939,Hollie,Laraway,hlarawayq2@independent.co.uk,Male,249.232.58.120
940,Kim,Hollebon,khollebonq3@blogger.com,Non-binary,183.230.140.122
941,Lars,Olivelli,lolivelliq4@mlb.com,Genderqueer,129.195.216.148
942,Vale,Harrema,vharremaq5@scientificamerican.com,Polygender,253.239.99.111
943,Wendie,Bullman,wbullmanq6@deliciousdays.com,Female,180.205.149.212
944,Margo,Anthonsen,manthonsenq7@opensource.org,Genderqueer,179.20.132.167
945,Fiona,Blunt,fbluntq8@webnode.com,Agender,228.4.187.107
946,Jehanna,Figin,jfiginq9@deliciousdays.com,Bigender,106.115.226.94
947,Elizabet,McKenney,emckenneyqa@cocolog-nifty.com,Male,84.19.130.52
948,Lyndell,Nestle,lnestleqb@arstechnica.com,Male,166.187.184.157
949,Niki,Venediktov,nvenediktovqc@unblog.fr,Non-binary,56.96.130.16
950,Verney,Hayton,vhaytonqd@jigsy.com,Female,93.245.169.39
951,Charley,MacNeachtain,cmacneachtainqe@sfgate.com,Bigender,235.180.20.37
952,Rorie,Padwick,rpadwickqf@tumblr.com,Genderfluid,248.111.253.76
953,Selie,Zapata,szapataqg@biglobe.ne.jp,Bigender,87.144.176.104
954,Trixi,Zimek,tzimekqh@tiny.cc,Polygender,76.205.174.229
955,Dahlia,Pagden,dpagdenqi@blogs.com,Bigender,74.81.9.147
956,Sullivan,Farrin,sfarrinqj@baidu.com,Agender,75.222.200.96
957,Bar,Zannotelli,bzannotelliqk@ox.ac.uk,Genderfluid,38.99.184.231
958,Kathleen,McCorley,kmccorleyql@google.pl,Non-binary,178.234.16.247
959,Garvy,Lukes,glukesqm@example.com,Genderqueer,107.120.158.57
960,Anton,Chene,acheneqn@auda.org.au,Polygender,168.75.47.215
961,Agneta,Perago,aperagoqo@reverbnation.com,Agender,185.80.239.195
962,Lilia,Peaker,lpeakerqp@quantcast.com,Agender,65.128.67.177
963,Forbes,Marcinkus,fmarcinkusqq@flickr.com,Female,216.35.76.82
964,Maurizio,Dood,mdoodqr@oakley.com,Non-binary,56.6.248.23
965,Gifford,Garber,ggarberqs@ezinearticles.com,Bigender,234.155.145.198
966,Jeremie,Gerbi,jgerbiqt@free.fr,Bigender,147.28.243.51
967,Jelene,Pawelec,jpawelecqu@pinterest.com,Bigender,49.177.55.4
968,Andree,Oseman,aosemanqv@aol.com,Polygender,29.100.139.158
969,Lolita,Pree,lpreeqw@techcrunch.com,Female,166.112.103.150
970,Rasla,Crooke,rcrookeqx@twitter.com,Genderqueer,26.100.90.8
971,Marten,Sazio,msazioqy@msu.edu,Polygender,232.67.79.104
972,Laurice,Poli,lpoliqz@rambler.ru,Non-binary,109.126.217.95
973,Moyna,Bleakman,mbleakmanr0@state.tx.us,Female,40.171.80.102
974,Merissa,Forsdike,mforsdiker1@macromedia.com,Agender,115.195.189.163
975,Jorey,Sawkins,jsawkinsr2@networkadvertising.org,Genderfluid,161.198.29.122
976,Hilarius,Spiring,hspiringr3@networkadvertising.org,Genderqueer,82.175.132.159
977,Darin,Twallin,dtwallinr4@census.gov,Bigender,69.91.67.65
978,Eda,Brockherst,ebrockherstr5@gmpg.org,Agender,208.43.154.43
979,Charity,Kirkby,ckirkbyr6@lulu.com,Genderfluid,122.75.86.177
980,Melva,Pincked,mpinckedr7@g.co,Non-binary,94.234.181.187
981,Nelie,Aggio,naggior8@sciencedirect.com,Non-binary,84.225.240.199
982,Jud,Matantsev,jmatantsevr9@cbsnews.com,Polygender,101.16.71.149
983,Arin,Ellyatt,aellyattra@delicious.com,Bigender,185.98.27.99
984,George,O'Keaveny,gokeavenyrb@gnu.org,Genderfluid,24.205.194.236
985,Amara,Maskew,amaskewrc@jalbum.net,Genderqueer,140.144.194.156
986,Aharon,Soames,asoamesrd@networksolutions.com,Genderqueer,159.121.2.233
987,Halsy,Zanicchi,hzanicchire@wired.com,Female,205.18.84.18
988,Bret,Trask,btraskrf@wikia.com,Male,251.105.208.36
989,Cosimo,Sandcraft,csandcraftrg@ted.com,Female,116.107.98.208
990,Isaac,Collyer,icollyerrh@yellowbook.com,Genderfluid,37.25.27.57
991,Scarlett,Hurrion,shurrionri@vkontakte.ru,Genderfluid,72.87.17.124
992,Jennette,Ousby,jousbyrj@europa.eu,Bigender,235.68.252.158
993,Sib,Hydes,shydesrk@ocn.ne.jp,Genderqueer,127.27.7.17
994,Katharine,Adamczyk,kadamczykrl@vimeo.com,Male,250.194.184.235
995,Terry,Ainge,taingerm@state.gov,Genderqueer,127.141.228.177
996,Maurine,Paule,mpaulern@bravesites.com,Genderfluid,239.246.229.11
997,Kessia,Beeston,kbeestonro@printfriendly.com,Male,229.42.1.126
998,Shelba,MacAfee,smacafeerp@t-online.de,Female,89.177.60.124
999,Loralyn,Moxom,lmoxomrq@amazon.com,Genderqueer,203.199.156.44
1000,Bevin,Smowton,bsmowtonrr@ning.com,Bigender,181.204.48.112
